model,accuracy,precision,recall
Logistic Regression,0.5028598665395615,0.4527363184079602,0.2768762677484787
Neural Network,0.5176358436606292,0.44881889763779526,0.11561866125760649
